{
  "DummyClassifier": {
    "accuracy": 0.6766666666666666,
    "precision": 0.0,
    "recall": 0.0,
    "f1": 0.0
  },
  "LogisticRegression": {
    "accuracy": 0.8296666666666667,
    "precision": 0.7795371498172959,
    "recall": 0.6597938144329897,
    "f1": 0.7146845337800112,
    "roc_auc": 0.8789091463104972
  },
  "DecisionTree (simple)": {
    "accuracy": 0.8566666666666667,
    "precision": 0.7824267782426778,
    "recall": 0.7711340206185567,
    "f1": 0.7767393561786086,
    "roc_auc": 0.8343354832156822
  },
  "DecisionTree (controlled)": {
    "accuracy": 0.8443333333333334,
    "precision": 0.8394062078272605,
    "recall": 0.6412371134020619,
    "f1": 0.7270601987142022,
    "roc_auc": 0.8624176019501295
  },
  "RandomForest": {
    "accuracy": 0.9306666666666666,
    "precision": 0.9309954751131222,
    "recall": 0.8484536082474227,
    "f1": 0.8878101402373247,
    "roc_auc": 0.9696805647250012
  },
  "GradientBoosting": {
    "accuracy": 0.9256666666666666,
    "precision": 0.9191919191919192,
    "recall": 0.8443298969072165,
    "f1": 0.8801719505642128,
    "roc_auc": 0.9686277995023107
  }
}