experiment_id,dataset,seed,model_summary,optimizer,lr,momentum,weight_decay,epochs_trained,best_val_accuracy,best_val_loss
E1,CIFAR10,42,"MLP [512,256,128], no dropout, no BN",Adam,0.001,,0.0,20,0.5427,1.3893273233413697
E2,CIFAR10,42,"MLP [512,256,128], dropout=0.3",Adam,0.001,,0.0,20,0.5398,1.347232465171814
E3,CIFAR10,42,"MLP [512,256,128], BN",Adam,0.001,,0.0,20,0.5584,1.2964180541992187
E4,CIFAR10,42,"MLP [512,256,128], dropout=0.0, BN=True",Adam,0.001,,0.0,17,0.5573,1.282324415206909
O1,CIFAR10,42,"MLP [512,256,128], BN",Adam,0.1,,0.0,8,0.4962,1.4403395805358887
O2,CIFAR10,42,"MLP [512,256,128], BN",Adam,1e-05,,0.0,8,0.5061,1.4499772481918336
O3,CIFAR10,42,"MLP [512,256,128], BN",SGD,0.01,0.9,0.0001,15,0.5496,1.3067669933319093
