experiment_id,dataset,seed,model_summary,optimizer,lr,momentum,weight_decay,epochs_trained,best_val_accuracy,best_val_loss
E1,CIFAR10,42,"MLP [512,256,128], no dropout, no BN",Adam,0.001,,0.0,20,0.533,1.3673816482543946
E2,CIFAR10,42,"MLP [512,256,128], dropout=0.3",Adam,0.001,,0.0,20,0.5392,1.3357628406524658
E3,CIFAR10,42,"MLP [512,256,128], BN",Adam,0.001,,0.0,20,0.559,1.2756951040267945
E4,CIFAR10,42,"MLP [512,256,128], dropout=0.0, BN=True",Adam,0.001,,0.0,16,0.5585,1.2807755865097046
O1,CIFAR10,42,"MLP [512,256,128], BN",Adam,0.1,,0.0,8,0.498,1.4331008707046509
O2,CIFAR10,42,"MLP [512,256,128], BN",Adam,1e-05,,0.0,8,0.5168,1.4301967250823975
O3,CIFAR10,42,"MLP [512,256,128], BN",SGD,0.01,0.9,0.0001,15,0.5629,1.3198317455291748
